project,date,config,time_stamp,testcase,seed,fail_count
Shashank_Proj_1,27/09/2018,Shashank_test_tag_21_12_2019,60002,testcase_1,['543289057'],1
Shashank_Proj_1,27/09/2018,Shashank_test_tag_21_12_2019,60002,testcase_1,['72407941'],1
Shashank_Proj_1,27/09/2018,Shashank_test_tag_21_12_2019,60002,testcase_1,"['1801530891', '830907331']",2
Shashank_Proj_1,27/09/2018,Shashank_test_tag_21_12_2019,60002,testcase_1,['338542882'],1
Shashank_Proj_1,27/09/2018,Shashank_test_tag_21_12_2019,60002,testcase_1,"['486139676', '763695022', '934571762', '1962628155', '1283571447', '191048937', '2031314760', '302512185', '2001347714', '418189006', '1222852619', '1516334821', '617764484', '437411102', '1663978629', '1281928660', '1826043304', '1188901547', '270810527', '473838680']",20
Shashank_Proj_1,18/10/2018,Shashank_test_tag_21_12_2019,70002,testcase_1,['1129900946'],1
Shashank_Proj_1,18/10/2018,Shashank_test_tag_21_12_2019,70002,testcase_2,['761495008'],1
Shashank_Proj_1,18/10/2018,Shashank_test_tag_21_12_2019,70002,block_testcase_3,"['1430583045', '227891124', '401492174', '1053593185', '637118495', '568750484', '426603854', '411018414']",8
Shashank_Proj_1,18/10/2018,Shashank_test_tag_21_12_2019,70002,testcase_4,['1393033850'],1
Shashank_Proj_1,18/10/2018,Shashank_test_tag_21_12_2019,70002,testcase_5,['1045555238'],1
Shashank_Proj_1,18/10/2018,Shashank_test_tag_21_12_2019,70002,testcase_5,"['1128480050', '79996812', '1447206826', '2061373893', '390326799', '257114237', '1995176290', '336773590', '805985999', '441614352', '1591140102', '1257197082', '646142204', '1588981687', '1093486481', '148045615', '254637307', '420966952', '1630688425', '1162183122']",20
Shashank_Proj_1,18/10/2018,Shashank_test_tag_21_12_2019,70002,testcase_7,"['678750372', '1875047662', '649583787', '1960430484', '806546866', '1559538632', '617036983', '1565237077', '1834776761', '1317919632', '12183097', '1406535364', '902347330', '1078130108', '1780963853', '376775375', '1250685430', '437001291', '360403980', '1804242096']",20
Shashank_Proj_1,18/10/2018,Shashank_test_tag_21_12_2019,70002,testcase_6,"['1892879787', '1258752476']",2
Shashank_Proj_1,18/10/2018,Shashank_test_tag_21_12_2019,70002,testcase_6,['577376568'],1
Shashank_Proj_1,18/10/2018,Shashank_test_tag_21_12_2019,70002,testcase_6,"['1959563579', '559752415', '1128762390', '1861782542', '1189512863']",5
Shashank_Proj_1,18/10/2018,Shashank_test_tag_21_12_2019,70002,testcase_6,"['1186851243', '721396525', '1219748307', '89525548', '2046565818', '332290277', '119572637', '2114804505', '2009003048', '1456966282', '1652150046', '753560095']",12
Shashank_Proj_1,18/10/2018,Shashank_test_tag_21_12_2019,70002,testcase_6,"['2111391852', '725812991', '1799776715', '647697766', '532877310', '2127375877', '2056790677', '470250160', '830879330', '1771908851']",10
Shashank_Proj_1,18/10/2018,Shashank_test_tag_21_12_2019,80002,testcase_6,['1512222042'],1
Shashank_Proj_1,18/10/2018,Shashank_test_tag_21_12_2019,80002,testcase_6,['2012903077'],1
Shashank_Proj_1,18/10/2018,Shashank_test_tag_21_12_2019,80002,testcase_6,['169464219'],1
Shashank_Proj_1,18/10/2018,Shashank_test_tag_21_12_2019,80002,testcase_6,['1618217074'],1
Shashank_Proj_1,18/10/2018,Shashank_test_tag_21_12_2019,80002,abcdef,"['2081940684', '245316850', '1804972827']",3
Shashank_Proj_1,18/10/2018,Shashank_test_tag_21_12_2019,80002,abcdef,"['195846794', '1045054185']",2
Shashank_Proj_1,18/10/2018,Shashank_test_tag_21_12_2019,80002,abcdef,"['1423967604', '562572196', '591135392']",3
Shashank_Proj_1,18/10/2018,Shashank_test_tag_21_12_2019,80002,abcdef,"['1003312931', '1035568608', '1406417402']",3
Shashank_Proj_1,18/10/2018,Shashank_test_tag_21_12_2019,80002,abcdef1,"['1879141684', '1806861993', '2036794754']",3
Shashank_Proj_1,18/10/2018,Shashank_test_tag_21_12_2019,80002,abcdef,"['1755961878', '56459707', '474200415']",3
Shashank_Proj_1,18/10/2018,Shashank_test_tag_21_12_2019,80002,abcdef,"['343525663', '1722826821', '181785502']",3
Shashank_Proj_1,18/10/2018,Shashank_test_tag_21_12_2019,80002,abcdef2,"['1803752703', '1235840654', '529218114']",3
Shashank_Proj_1,18/10/2018,Shashank_test_tag_21_12_2019,80002,random_data_gen_20,"['586046323', '516724484']",2
Shashank_Proj_1,18/10/2018,Shashank_test_tag_21_12_2019,80002,xyz123,"['32947826', '278971486', '887196238']",3
Shashank_Proj_1,18/10/2018,Shashank_test_tag_21_12_2019,80002,xyz123,"['1653435103', '368859074', '897836201']",3
Shashank_Proj_1,18/10/2018,Shashank_test_tag_21_12_2019,80002,xyz123,"['282239066', '131469115', '1439411673']",3
Shashank_Proj_1,18/10/2018,Shashank_test_tag_21_12_2019,80002,testcase_8,['904565357'],1
Shashank_Proj_1,18/10/2018,Shashank_test_tag_21_12_2019,80002,testcase_8,"['223227245', '1756347784', '387225430', '1038430662', '312027398', '2086848872', '1190657730', '1474413706', '709804867', '1171280394', '1789909180', '1383458737', '1242683590', '653099791', '1139704774', '558833508', '944658063', '1341074084', '1417781716', '1212644240']",20
Shashank_Proj_1,18/10/2018,Shashank_test_tag_21_12_2019,80002,testcase_8,['577819335'],1
Shashank_Proj_1,18/10/2018,Shashank_test_tag_21_12_2019,80002,testcase_8,"['414648848', '1663371470', '1401857547', '951381820', '758881900', '1919120389', '1397726688', '296101151', '197435754', '2089453357', '875189274', '1229775133', '1017405698', '1047373595', '821686639', '1875443653', '1911215383', '57168356', '480872841', '914300946']",20
Shashank_Proj_1,18/10/2018,Shashank_test_tag_21_12_2019,80002,testcase_8,['1665698264'],1
Shashank_Proj_1,18/10/2018,Shashank_test_tag_21_12_2019,80002,random_data_gen_3,"['1560034071', '983800559', '1512076611']",3
Shashank_Proj_1,18/10/2018,Shashank_test_tag_21_12_2019,80002,random_data_gen_7,"['810902561', '1311218008', '393880355']",3
Shashank_Proj_1,18/10/2018,Shashank_test_tag_21_12_2019,80002,random_data_gen_7,"['182770726', '1767426389', '1061076627', '1955153253', '1727877769', '757789892', '1706626791', '949058578', '103598710']",9
Shashank_Proj_1,18/10/2018,Shashank_test_tag_21_12_2019,80002,random_data_gen_7,"['91111395', '841792270', '123226504', '1654996960', '892124817', '116836905', '1730338932', '1213573022', '1184357630']",9
Shashank_Proj_1,18/10/2018,Shashank_test_tag_21_12_2019,80002,random_data_gen_20,"['1433161900', '547947992', '1551135041', '183238561', '2084154838', '222423915', '886169376', '780250103', '1651012792', '1392497552']",10
Shashank_Proj_1,18/10/2018,Shashank_test_tag_21_12_2019,80002,random_data_gen_7,"['1498950201', '201611153', '91836926', '426438095', '1305110843', '1253687448', '2145818024', '743576790', '1309167117', '1274827482', '364623386', '1675721082', '1112673996', '484284662', '1987453102', '1320250095', '547658198', '1110709653', '493571699', '1983128687', '234680203', '266463410', '5421885', '399137846', '432418831', '837487966', '1801383996', '1552167989', '1219522150', '9076033', '909096505', '23993048', '479807011', '2079455339', '1776292933', '585093661', '224224207', '1819757894', '1051620171', '1743790331']",40
Shashank_Proj_1,18/10/2018,Shashank_test_tag_21_12_2019,80002,testcase_9,"['543818062', '2142215403', '1159855714', '1433238069', '102341257', '1888699898']",6
Shashank_Proj_1,18/10/2018,Shashank_test_tag_21_12_2019,80003,testcase_9,"['543818062', '2142215403', '1159855714', '1433238069', '102341257', '1888699898']",6
Shashank_Proj_1,18/10/2018,Shashank_test_tag_21_12_2019,80004,random_data_gen_9,"['1093737770', '1654865107', '952994729', '88490909', '1302742159', '2022948794', '865602036', '1239398426', '1775815235', '983878000', '447768208', '1254625925', '1763525790', '395617523', '1557265750', '921966186', '1612556702', '1768154068', '2132127939', '517175942', '73865419', '25494760', '834334479', '691388017', '1120744535', '1407183549', '1313972668', '1087689156', '1762340259', '411591166', '112743584', '1705694695', '2074138423', '480434405', '846302779', '811438369', '385185076', '530472840', '450786939']",39
Shashank_Proj_1,18/10/2018,Shashank_test_tag_21_12_2019,80005,random_data_gen_9,"['1093737770', '1654865107', '952994729', '88490909', '1302742159', '2022948794', '865602036', '1239398426', '1775815235', '983878000', '447768208', '1254625925', '1763525790', '395617523', '1557265750', '921966186', '1612556702', '1768154068', '2132127939', '517175942', '73865419', '25494760', '834334479', '691388017', '1120744535', '1407183549', '1313972668', '1087689156', '1762340259', '411591166', '112743584', '1705694695', '2074138423', '480434405', '846302779', '811438369', '385185076', '530472840', '450786939']",39
Shashank_Proj_1,18/01/2019,Shashank_test_tag_21_12_2019,80002,testcase_10,['1665698264'],1
Shashank_Proj_1,18/01/2019,Shashank_test_tag_21_12_2019,80002,random_data_gen_3,"['1560034071', '983800559', '1512076611']",3
Shashank_Proj_1,5/9/2019,Shashank_test_tag_21_12_2019,44511,random_data_gen_7,"['1093737770', '1654865107', '952994729', '88490909', '1302742159', '2022948794', '865602036', '1239398426', '1775815235', '983878000', '447768208', '1254625925', '1763525790', '395617523', '1557265750', '921966186', '1612556702', '1768154068', '2132127939', '517175942', '73865419', '25494760', '834334479', '691388017', '1120744535', '1407183549', '1313972668', '1087689156', '1762340259', '411591166', '112743584', '1705694695', '2074138423', '480434405', '846302779', '811438369', '385185076', '530472840', '450786939']",2
Shashank_Proj_1,5/9/2019,Shashank_test_tag_21_12_2019,44511,testcase_11,"['1093737770', '1654865107', '952994729', '88490909', '1302742159', '2022948794', '865602036', '1239398426', '1775815235', '983878000', '447768208', '1254625925', '1763525790', '395617523', '1557265750', '921966186', '1612556702', '1768154068', '2132127939', '517175942', '73865419', '25494760', '834334479', '691388017', '1120744535', '1407183549', '1313972668', '1087689156', '1762340259', '411591166', '112743584', '1705694695', '2074138423', '480434405', '846302779', '811438369', '385185076', '530472840', '450786939']",2
Shashank_Proj_1,5/9/2019,Shashank_test_tag_21_12_2019,44511,testcase_11,"['1093737770', '1654865107', '952994729', '88490909', '1302742159', '2022948794', '865602036', '1239398426', '1775815235', '983878000', '447768208', '1254625925', '1763525790', '395617523', '1557265750', '921966186', '1612556702', '1768154068', '2132127939', '517175942', '73865419', '25494760', '834334479', '691388017', '1120744535', '1407183549', '1313972668', '1087689156', '1762340259', '411591166', '112743584', '1705694695', '2074138423', '480434405', '846302779', '811438369', '385185076', '530472840', '450786939']",2
Shashank_Proj_1,15/08/2019,Shashank_test_tag_21_12_2019,80002,testcase_12,"['810902561', '1311218008', '393880355']",3
Shashank_Proj_1,16/08/2019,Shashank_test_tag_21_12_2019,80002,testcase_12,"['182770726', '1767426389', '1061076627', '1955153253', '1727877769', '757789892', '1706626791', '949058578', '103598710']",9
Shashank_Proj_1,17/08/2019,Shashank_test_tag_21_12_2019,80002,testcase_13,"['91111395', '841792270', '123226504', '1654996960', '892124817', '116836905', '1730338932', '1213573022', '1184357630']",9
Shashank_Proj_1,18/08/2019,Shashank_test_tag_21_12_2019,80002,testcase_13,"['1433161900', '547947992', '1551135041', '183238561', '2084154838', '222423915', '886169376', '780250103', '1651012792', '1392497552']",10
Shashank_Proj_1,19/08/2019,Shashank_test_tag_21_12_2019,80002,random_data_gen_7,"['1498950201', '201611153', '91836926', '426438095', '1305110843', '1253687448', '2145818024', '743576790', '1309167117', '1274827482', '364623386', '1675721082', '1112673996', '484284662', '1987453102', '1320250095', '547658198', '1110709653', '493571699', '1983128687', '234680203', '266463410', '5421885', '399137846', '432418831', '837487966', '1801383996', '1552167989', '1219522150', '9076033', '909096505', '23993048', '479807011', '2079455339', '1776292933', '585093661', '224224207', '1819757894', '1051620171', '1743790331']",40
Shashank_Proj_1,20/08/2019,Shashank_test_tag_21_12_2019,80002,testcase_13,"['543818062', '2142215403', '1159855714', '1433238069', '102341257', '1888699898']",6
Shashank_Proj_1,21/08/2019,Shashank,80002,random_data_gen_9,"['1093737770', '1654865107', '952994729', '88490909', '1302742159', '2022948794', '865602036', '1239398426', '1775815235', '983878000', '447768208', '1254625925', '1763525790', '395617523', '1557265750', '921966186', '1612556702', '1768154068', '2132127939', '517175942', '73865419', '25494760', '834334479', '691388017', '1120744535', '1407183549', '1313972668', '1087689156', '1762340259', '411591166', '112743584', '1705694695', '2074138423', '480434405', '846302779', '811438369', '385185076', '530472840', '450786939']",39
ABCD,10/9/2019,ABCDEF,12345,Shasahnkasaslk,"['123','345']",2
